Organization,Total Revenue Growth Percentage %,Net Income Growth Percentage %,Total Assets Growth Percentage %,Total Liabilities Growth Percentage %,Cash Flow from Operating Activities Growth Percentage %
Apple,1.6644333333333332,0.8658,0.1502,0.3555999999999999,2.635666666666667
Microsoft,8.279366666666666,6.065633333333333,7.4085,2.3841,4.796566666666666
Tesla,23.384200000000003,48.920899999999996,20.670466666666666,12.4382,6.032700000000001
